x_nm,Ec_eV,Ev_eV,electron_density_cm3,hole_density_cm3,charge_density_C_cm3,electric_field_1_V_cm,electric_field_2_V_cm
0.000000000e+00,1.172021000e+00,-1.647927000e-02,8.166200000e+01,7.360330000e+15,-4.229216000e-04,-7.926870000e+01,-7.925005000e+01
1.000000000e+00,1.164098000e+00,-2.440241000e-02,8.166200000e+01,7.360330000e+15,-4.229216000e-04,-7.926870000e+01,-7.925005000e+01
2.000000000e+00,1.156171000e+00,-3.232928000e-02,1.109648000e+02,5.416664000e+15,-7.343310000e-04,-7.933346000e+01,-7.930108000e+01
3.000000000e+00,1.148237000e+00,-4.026262000e-02,1.508202000e+02,3.985270000e+15,-9.636656000e-04,-7.941845000e+01,-7.937596000e+01
4.000000000e+00,1.140296000e+00,-4.820447000e-02,2.050579000e+02,2.931169000e+15,-1.132551000e-03,-7.951834000e+01,-7.946840000e+01
5.000000000e+00,1.132344000e+00,-5.615630000e-02,2.789082000e+02,2.155044000e+15,-1.256900000e-03,-7.962919000e+01,-7.957376000e+01
6.000000000e+00,1.124381000e+00,-6.411922000e-02,3.795178000e+02,1.583744000e+15,-1.348432000e-03,-7.974811000e+01,-7.968865000e+01
7.000000000e+00,1.116406000e+00,-7.209403000e-02,5.166577000e+02,1.163361000e+15,-1.415785000e-03,-7.987297000e+01,-7.981054000e+01
8.000000000e+00,1.108419000e+00,-8.008133000e-02,7.036933000e+02,8.541495000e+14,-1.465326000e-03,-8.000221000e+01,-7.993759000e+01
9.000000000e+00,1.100418000e+00,-8.808155000e-02,9.589170000e+02,6.268105000e+14,-1.501750000e-03,-8.013465000e+01,-8.006843000e+01
1.000000000e+01,1.092405000e+00,-9.609501000e-02,1.307378000e+03,4.597441000e+14,-1.528517000e-03,-8.026946000e+01,-8.020206000e+01
1.100000000e+01,1.084378000e+00,-1.041220000e-01,1.783396000e+03,3.370308000e+14,-1.548178000e-03,-8.040600000e+01,-8.033773000e+01
1.200000000e+01,1.076337000e+00,-1.121626000e-01,2.434017000e+03,2.469413000e+14,-1.562612000e-03,-8.054381000e+01,-8.047490000e+01
1.300000000e+01,1.068283000e+00,-1.202169000e-01,3.323771000e+03,1.808365000e+14,-1.573203000e-03,-8.068256000e+01,-8.061318000e+01
1.400000000e+01,1.060215000e+00,-1.282852000e-01,4.541210000e+03,1.323566000e+14,-1.580970000e-03,-8.082199000e+01,-8.075227000e+01
1.500000000e+01,1.052133000e+00,-1.363674000e-01,6.207924000e+03,9.682130000e+13,-1.586664000e-03,-8.096192000e+01,-8.089196000e+01
1.600000000e+01,1.044036000e+00,-1.444636000e-01,8.490949000e+03,7.078823000e+13,-1.590834000e-03,-8.110222000e+01,-8.103207000e+01
1.700000000e+01,1.035926000e+00,-1.525738000e-01,1.161988000e+04,5.172679000e+13,-1.593888000e-03,-8.124279000e+01,-8.117251000e+01
1.800000000e+01,1.027802000e+00,-1.606981000e-01,1.591049000e+04,3.777755000e+13,-1.596123000e-03,-8.138356000e+01,-8.131318000e+01
1.900000000e+01,1.019664000e+00,-1.688364000e-01,2.179725000e+04,2.757501000e+13,-1.597758000e-03,-8.152448000e+01,-8.145402000e+01
2.000000000e+01,1.011511000e+00,-1.769889000e-01,2.987835000e+04,2.011688000e+13,-1.598953000e-03,-8.166549000e+01,-8.159498000e+01
2.100000000e+01,1.003345000e+00,-1.851554000e-01,4.097777000e+04,1.466793000e+13,-1.599826000e-03,-8.180659000e+01,-8.173604000e+01
2.200000000e+01,9.951639000e-01,-1.933361000e-01,5.623118000e+04,1.068907000e+13,-1.600463000e-03,-8.194774000e+01,-8.187716000e+01
2.300000000e+01,9.869691000e-01,-2.015309000e-01,7.720459000e+04,7.785279000e+12,-1.600929000e-03,-8.208893000e+01,-8.201833000e+01
2.400000000e+01,9.787602000e-01,-2.097398000e-01,1.060587000e+05,5.667232000e+12,-1.601268000e-03,-8.223015000e+01,-8.215954000e+01
2.500000000e+01,9.705372000e-01,-2.179628000e-01,1.457762000e+05,4.123164000e+12,-1.601515000e-03,-8.237140000e+01,-8.230077000e+01
2.600000000e+01,9.623001000e-01,-2.261999000e-01,2.004769000e+05,2.998147000e+12,-1.601696000e-03,-8.251266000e+01,-8.244203000e+01
2.700000000e+01,9.540488000e-01,-2.344512000e-01,2.758540000e+05,2.178904000e+12,-1.601827000e-03,-8.265393000e+01,-8.258329000e+01
2.800000000e+01,9.457834000e-01,-2.427166000e-01,3.797795000e+05,1.582653000e+12,-1.601922000e-03,-8.279521000e+01,-8.272457000e+01
2.900000000e+01,9.375039000e-01,-2.509961000e-01,5.231439000e+05,1.148937000e+12,-1.601992000e-03,-8.293649000e+01,-8.286585000e+01
3.000000000e+01,9.292102000e-01,-2.592898000e-01,7.210214000e+05,8.336219000e+11,-1.602042000e-03,-8.307778000e+01,-8.300714000e+01
3.100000000e+01,9.209025000e-01,-2.675975000e-01,9.942887000e+05,6.045118000e+11,-1.602079000e-03,-8.321907000e+01,-8.314843000e+01
3.200000000e+01,9.125806000e-01,-2.759194000e-01,1.371874000e+06,4.381301000e+11,-1.602106000e-03,-8.336037000e+01,-8.328972000e+01
3.300000000e+01,9.042445000e-01,-2.842555000e-01,1.893883000e+06,3.173687000e+11,-1.602125000e-03,-8.350167000e+01,-8.343102000e+01
3.400000000e+01,8.958944000e-01,-2.926056000e-01,2.615951000e+06,2.297670000e+11,-1.602139000e-03,-8.364297000e+01,-8.357232000e+01
3.500000000e+01,8.875301000e-01,-3.009699000e-01,3.615293000e+06,1.662546000e+11,-1.602149000e-03,-8.378427000e+01,-8.371362000e+01
3.600000000e+01,8.791516000e-01,-3.093484000e-01,4.999133000e+06,1.202327000e+11,-1.602157000e-03,-8.392557000e+01,-8.385492000e+01
3.700000000e+01,8.707591000e-01,-3.177409000e-01,6.916449000e+06,8.690286000e+10,-1.602162000e-03,-8.406687000e+01,-8.399622000e+01
3.800000000e+01,8.623524000e-01,-3.261476000e-01,9.574346000e+06,6.277810000e+10,-1.602166000e-03,-8.420817000e+01,-8.413752000e+01
3.900000000e+01,8.539316000e-01,-3.345684000e-01,1.326088000e+07,4.532574000e+10,-1.602169000e-03,-8.434947000e+01,-8.427882000e+01
4.000000000e+01,8.454966000e-01,-3.430034000e-01,1.837694000e+07,3.270726000e+10,3.204353000e-02,-8.152343000e+01,-8.293645000e+01
4.100000000e+01,8.373443000e-01,-3.511557000e-01,2.518989000e+07,2.386113000e+10,3.204352000e-02,-7.869739000e+01,-8.011041000e+01
4.200000000e+01,8.294745000e-01,-3.590255000e-01,3.415324000e+07,1.759890000e+10,3.204352000e-02,-7.587135000e+01,-7.728437000e+01
4.300000000e+01,8.218874000e-01,-3.666126000e-01,4.580258000e+07,1.312283000e+10,3.204352000e-02,-7.304532000e+01,-7.445834000e+01
4.400000000e+01,8.145829000e-01,-3.739171000e-01,6.075758000e+07,9.892744000e+09,3.204352000e-02,-7.021928000e+01,-7.163230000e+01
4.500000000e+01,8.075610000e-01,-3.809390000e-01,7.971931000e+07,7.539695000e+09,3.204352000e-02,-6.739324000e+01,-6.880626000e+01
4.600000000e+01,8.008216000e-01,-3.876784000e-01,1.034616000e+08,5.809493000e+09,3.204352000e-02,-6.456720000e+01,-6.598022000e+01
4.700000000e+01,7.943649000e-01,-3.941351000e-01,1.328150000e+08,4.525539000e+09,3.204352000e-02,-6.174116000e+01,-6.315418000e+01
4.800000000e+01,7.881908000e-01,-4.003092000e-01,1.686427000e+08,3.564100000e+09,3.204352000e-02,-5.891513000e+01,-6.032815000e+01
4.900000000e+01,7.822993000e-01,-4.062007000e-01,2.118070000e+08,2.837768000e+09,3.204352000e-02,-5.608909000e+01,-5.750211000e+01
5.000000000e+01,7.766904000e-01,-4.118096000e-01,2.631272000e+08,2.284292000e+09,3.204352000e-02,-5.326305000e+01,-5.467607000e+01
5.100000000e+01,7.713641000e-01,-4.171359000e-01,3.233282000e+08,1.858976000e+09,3.204352000e-02,-5.043701000e+01,-5.185003000e+01
5.200000000e+01,7.663204000e-01,-4.221796000e-01,3.929832000e+08,1.529478000e+09,3.204352000e-02,-4.761097000e+01,-4.902399000e+01
5.300000000e+01,7.615593000e-01,-4.269407000e-01,4.724510000e+08,1.272215000e+09,3.204352000e-02,-4.478494000e+01,-4.619796000e+01
5.400000000e+01,7.570808000e-01,-4.314192000e-01,5.618133000e+08,1.069856000e+09,3.204352000e-02,-4.195890000e+01,-4.337192000e+01
5.500000000e+01,7.528849000e-01,-4.356151000e-01,6.608148000e+08,9.095729000e+08,3.204352000e-02,-3.913286000e+01,-4.054588000e+01
5.600000000e+01,7.489716000e-01,-4.395284000e-01,7.688117000e+08,7.818029000e+08,3.204352000e-02,-3.630682000e+01,-3.771984000e+01
5.700000000e+01,7.453409000e-01,-4.431591000e-01,8.847339000e+08,6.793672000e+08,3.204352000e-02,-3.348078000e+01,-3.489380000e+01
5.800000000e+01,7.419928000e-01,-4.465072000e-01,1.007066000e+09,5.968421000e+08,3.204352000e-02,-3.065475000e+01,-3.206777000e+01
5.900000000e+01,7.389274000e-01,-4.495726000e-01,1.133850000e+09,5.301049000e+08,3.204352000e-02,-2.782871000e+01,-2.924173000e+01
6.000000000e+01,7.361445000e-01,-4.523555000e-01,1.262716000e+09,4.760052000e+08,3.204352000e-02,-2.500267000e+01,-2.641569000e+01
6.100000000e+01,7.336442000e-01,-4.548558000e-01,1.390939000e+09,4.321247000e+08,3.204352000e-02,-2.217663000e+01,-2.358965000e+01
6.200000000e+01,7.314266000e-01,-4.570734000e-01,1.515525000e+09,3.966012000e+08,3.204352000e-02,-1.935059000e+01,-2.076361000e+01
6.300000000e+01,7.294915000e-01,-4.590085000e-01,1.633318000e+09,3.679989000e+08,3.204352000e-02,-1.652456000e+01,-1.793758000e+01
6.400000000e+01,7.278390000e-01,-4.606610000e-01,1.741128000e+09,3.452125000e+08,3.204352000e-02,-1.369852000e+01,-1.511154000e+01
6.500000000e+01,7.264692000e-01,-4.620308000e-01,1.835875000e+09,3.273965000e+08,3.204352000e-02,-1.087248000e+01,-1.228550000e+01
6.600000000e+01,7.253819000e-01,-4.631181000e-01,1.914733000e+09,3.139129000e+08,3.204352000e-02,-8.046443000e+00,-9.459462000e+00
6.700000000e+01,7.245773000e-01,-4.639227000e-01,1.975266000e+09,3.042928000e+08,3.204352000e-02,-5.220405000e+00,-6.633424000e+00
6.800000000e+01,7.240553000e-01,-4.644447000e-01,2.015559000e+09,2.982098000e+08,3.204352000e-02,-2.394367000e+00,-3.807386000e+00
6.900000000e+01,7.238158000e-01,-4.646842000e-01,2.034313000e+09,2.954606000e+08,3.204352000e-02,4.316708000e-01,-9.813482000e-01
7.000000000e+01,7.238590000e-01,-4.646410000e-01,2.030919000e+09,2.959543000e+08,3.204352000e-02,3.257709000e+00,1.844690000e+00
7.100000000e+01,7.241848000e-01,-4.643152000e-01,2.005487000e+09,2.997073000e+08,3.204352000e-02,6.083747000e+00,4.670728000e+00
7.200000000e+01,7.247931000e-01,-4.637069000e-01,1.958843000e+09,3.068440000e+08,3.204352000e-02,8.909785000e+00,7.496766000e+00
7.300000000e+01,7.256841000e-01,-4.628159000e-01,1.892483000e+09,3.176036000e+08,3.204352000e-02,1.173582000e+01,1.032280000e+01
7.400000000e+01,7.268577000e-01,-4.616423000e-01,1.808492000e+09,3.323538000e+08,3.204352000e-02,1.456186000e+01,1.314884000e+01
7.500000000e+01,7.283139000e-01,-4.601861000e-01,1.709440000e+09,3.516118000e+08,3.204352000e-02,1.738790000e+01,1.597488000e+01
7.600000000e+01,7.300527000e-01,-4.584473000e-01,1.598245000e+09,3.760744000e+08,3.204352000e-02,2.021394000e+01,1.880092000e+01
7.700000000e+01,7.320741000e-01,-4.564259000e-01,1.478038000e+09,4.066602000e+08,3.204352000e-02,2.303997000e+01,2.162696000e+01
7.800000000e+01,7.343781000e-01,-4.541219000e-01,1.352011000e+09,4.445669000e+08,3.204352000e-02,2.586601000e+01,2.445299000e+01
7.900000000e+01,7.369647000e-01,-4.515353000e-01,1.223284000e+09,4.913489000e+08,3.204352000e-02,2.869205000e+01,2.727903000e+01
8.000000000e+01,7.398339000e-01,-4.486661000e-01,1.094780000e+09,5.490229000e+08,3.204352000e-02,3.151809000e+01,3.010507000e+01
8.100000000e+01,7.429857000e-01,-4.455143000e-01,9.691229000e+08,6.202095000e+08,3.204352000e-02,3.434413000e+01,3.293111000e+01
8.200000000e+01,7.464201000e-01,-4.420799000e-01,8.485615000e+08,7.083273000e+08,3.204352000e-02,3.717016000e+01,3.575714000e+01
8.300000000e+01,7.501371000e-01,-4.383629000e-01,7.349204000e+08,8.178563000e+08,3.204352000e-02,3.999620000e+01,3.858318000e+01
8.400000000e+01,7.541367000e-01,-4.343633000e-01,6.295783000e+08,9.547014000e+08,3.204352000e-02,4.282224000e+01,4.140922000e+01
8.500000000e+01,7.584190000e-01,-4.300810000e-01,5.334720000e+08,1.126693000e+09,3.204352000e-02,4.564828000e+01,4.423526000e+01
8.600000000e+01,7.629838000e-01,-4.255162000e-01,4.471220000e+08,1.344285000e+09,3.204352000e-02,4.847432000e+01,4.706130000e+01
8.700000000e+01,7.678312000e-01,-4.206688000e-01,3.706746000e+08,1.621528000e+09,3.204352000e-02,5.130035000e+01,4.988733000e+01
8.800000000e+01,7.729612000e-01,-4.155388000e-01,3.039570000e+08,1.977448000e+09,3.204352000e-02,5.412639000e+01,5.271337000e+01
8.900000000e+01,7.783739000e-01,-4.101261000e-01,2.465381000e+08,2.437998000e+09,3.204352000e-02,5.695243000e+01,5.553941000e+01
9.000000000e+01,7.840691000e-01,-4.044309000e-01,1.977918000e+08,3.038849000e+09,3.204352000e-02,5.977847000e+01,5.836545000e+01
9.100000000e+01,7.900470000e-01,-3.984530000e-01,1.569585000e+08,3.829414000e+09,3.204352000e-02,6.260451000e+01,6.119149000e+01
9.200000000e+01,7.963074000e-01,-3.921926000e-01,1.232010000e+08,4.878689000e+09,3.204352000e-02,6.543054000e+01,6.401752000e+01
9.300000000e+01,8.028505000e-01,-3.856495000e-01,9.565240000e+07,6.283787000e+09,3.204352000e-02,6.825658000e+01,6.684356000e+01
9.400000000e+01,8.096761000e-01,-3.788239000e-01,7.345646000e+07,8.182524000e+09,3.204352000e-02,7.108262000e+01,6.966960000e+01
9.500000000e+01,8.167844000e-01,-3.717156000e-01,5.579774000e+07,1.077211000e+10,3.204352000e-02,7.390866000e+01,7.249564000e+01
9.600000000e+01,8.241753000e-01,-3.643247000e-01,4.192333000e+07,1.433711000e+10,3.204352000e-02,7.673470000e+01,7.532168000e+01
9.700000000e+01,8.318487000e-01,-3.566513000e-01,3.115640000e+07,1.929168000e+10,3.204352000e-02,7.956073000e+01,7.814772000e+01
9.800000000e+01,8.398048000e-01,-3.486952000e-01,2.290294000e+07,2.624375000e+10,3.204352000e-02,8.238677000e+01,8.097375000e+01
9.900000000e+01,8.480435000e-01,-3.404565000e-01,2.290294000e+07,2.624375000e+10,3.204352000e-02,8.238677000e+01,8.097375000e+01
