V,J_A_cm2
6.023095650000000084e-07,1.029589000000000079e-04
5.011718660441150108e-02,2.003189819000000121e-02
1.002340256825354492e-01,4.000439017699999877e-02
1.503510262447614043e-01,6.000448628399999290e-02
2.004680628711200119e-01,8.001074720000000973e-02
2.505851490305049944e-01,1.000254752999999996e-01
3.007023382542539647e-01,1.200578212399999872e-01
3.508197335285749840e-01,1.401253895000000027e-01
4.009375225239250051e-01,1.602602605000000013e-01
4.510560462939000037e-01,1.805207340000000160e-01
5.011759511055500216e-01,2.010172830000000188e-01
5.512986069674500333e-01,2.219840970000000191e-01
6.014274755527500016e-01,2.440129149999999691e-01
6.515754796343000699e-01,2.693127580000000409e-01
7.018065790404999227e-01,3.088169299999999895e-01
7.524728277600000181e-01,4.227055999999999591e-01
8.052332555600000275e-01,8.945736000000000798e-01
8.649525648999999428e-01,2.555994000000000099e+00
9.373740295500000430e-01,6.388723000000000596e+00
1.022584401499999851e+00,1.240758999999999901e+01
1.115607349000000026e+00,1.976194000000000273e+01
1.210893486000000019e+00,2.750315999999999761e+01
1.304899526000000032e+00,3.502556000000000580e+01
1.395718193500000037e+00,4.200310999999999950e+01
1.482236525999999888e+00,4.824555999999999756e+01
1.565019750499999862e+00,5.384953000000000145e+01
1.645608347500000068e+00,5.907834999999999326e+01
1.724160325500000202e+00,6.395902999999999849e+01
1.799609580499999861e+00,6.830933000000000277e+01
1.871616168999999941e+00,7.207113999999999976e+01
1.940417542500000092e+00,7.528504999999999825e+01
2.006368795999999843e+00,7.801175999999998112e+01
2.069840585500000163e+00,8.031463000000000818e+01
