x_nm,electric_field_v_cm,charge_density_c_cm3,n_cm3,p_cm3,srh_tat_cm3_s,auger_cm3_s,total_recomb_cm3_s
0.000000000e+00,-1.544059734e+04,-1.196866938e-03,2.021212349e+15,4.550953538e+15,8.637821179e+24,6.377889412e+15,8.637821185e+24
1.000000000e+00,-1.544059734e+04,-1.196866938e-03,2.021212349e+15,4.550953538e+15,8.637821179e+24,6.377889412e+15,8.637821185e+24
2.000000000e+00,-1.555429241e+04,-1.381191076e-03,2.060054740e+15,3.439334698e+15,7.998487087e+24,4.769178380e+15,7.998487091e+24
3.000000000e+00,-1.568251378e+04,-1.536438552e-03,2.137941911e+15,2.548242949e+15,7.265727349e+24,3.650018197e+15,7.265727352e+24
4.000000000e+00,-1.582300709e+04,-1.666789864e-03,2.254291000e+15,1.851002821e+15,6.398767677e+24,2.850076758e+15,6.398767680e+24
5.000000000e+00,-1.597390023e+04,-1.776521620e-03,2.407941728e+15,1.319761527e+15,5.408920761e+24,2.260055703e+15,5.408920764e+24
6.000000000e+00,-1.613370790e+04,-1.869967320e-03,2.597168078e+15,9.257454641e+14,4.365938167e+24,1.810757971e+15,4.365938169e+24
7.000000000e+00,-1.630131984e+04,-1.951333129e-03,2.819951522e+15,6.406832689e+14,3.368672973e+24,1.458953001e+15,3.368672975e+24
8.000000000e+00,-1.647596767e+04,-2.024455799e-03,3.074404531e+15,4.387402912e+14,2.499710715e+24,1.177718428e+15,2.499710716e+24
9.000000000e+00,-1.665717589e+04,-2.092621632e-03,3.359152575e+15,2.980305038e+14,1.798800908e+24,9.499797784e+14,1.798800909e+24
1.000000000e+01,-1.684470767e+04,-2.158508379e-03,3.673552673e+15,2.011977048e+14,1.265479799e+24,7.644088460e+14,1.265479800e+24
1.100000000e+01,-1.703851505e+04,-2.224234074e-03,4.017748633e+15,1.351659856e+14,8.761196576e+23,6.129846252e+14,8.761196582e+23
1.200000000e+01,-1.723869839e+04,-2.291461991e-03,4.392628141e+15,9.044167181e+13,5.997745693e+23,4.896308349e+14,5.997745698e+23
1.300000000e+01,-1.744547616e+04,-2.361517808e-03,4.799746222e+15,6.030555918e+13,4.073251286e+23,3.894908415e+14,4.073251290e+23
1.400000000e+01,-1.765916409e+04,-2.435495074e-03,5.241254156e+15,4.008353500e+13,2.750030349e+23,3.085506706e+14,2.750030352e+23
1.500000000e+01,-1.788016197e+04,-2.514341011e-03,5.719850482e+15,2.656203812e+13,1.848199438e+23,2.434391439e+14,1.848199441e+23
1.600000000e+01,-1.810894636e+04,-2.598923082e-03,6.238758018e+15,1.754959977e+13,1.237432061e+23,1.913126465e+14,1.237432062e+23
1.700000000e+01,-1.834606791e+04,-2.690079949e-03,6.801725611e+15,1.156055353e+13,8.257640281e+22,1.497782270e+14,8.257640296e+22
1.800000000e+01,-1.859215223e+04,-2.788660989e-03,7.413052018e+15,7.592264190e+12,5.493652098e+22,1.168336422e+14,5.493652110e+22
1.900000000e+01,-1.884790366e+04,-2.895558083e-03,8.077629779e+15,4.970579314e+12,3.644070816e+22,9.081543168e+13,3.644070825e+22
2.000000000e+01,-1.911411154e+04,-3.011732685e-03,8.801007994e+15,3.243670686e+12,2.410156094e+22,7.035186650e+13,2.410156101e+22
2.100000000e+01,-1.939165864e+04,-3.138240514e-03,9.589474010e+15,2.109612229e+12,1.589365571e+22,5.432000391e+13,1.589365577e+22
2.200000000e+01,-1.968153183e+04,-3.276255741e-03,1.045015525e+16,1.367220438e+12,1.044944905e+22,4.180687827e+13,1.044944909e+22
2.300000000e+01,-1.998483501e+04,-3.427096224e-03,1.139114346e+16,8.828162779e+11,6.848766687e+21,3.207497838e+13,6.848766719e+21
2.400000000e+01,-2.030280449e+04,-3.592251166e-03,1.242164495e+16,5.678262913e+11,4.474345099e+21,2.453204410e+13,4.474345123e+21
2.500000000e+01,-2.063682710e+04,-3.773412517e-03,1.355216152e+16,3.637328322e+11,2.913299019e+21,1.870504853e+13,2.913299038e+21
2.600000000e+01,-2.098846159e+04,-3.972511533e-03,1.479470858e+16,2.319903126e+11,1.890216548e+21,1.421809437e+13,1.890216562e+21
2.700000000e+01,-2.135946373e+04,-4.191762058e-03,1.616307857e+16,1.472871458e+11,1.221893626e+21,1.077386281e+13,1.221893637e+21
2.800000000e+01,-2.175181603e+04,-4.433712417e-03,1.767316029e+16,9.305551940e+10,7.868039238e+20,8.138208835e+12,7.868039319e+20
2.900000000e+01,-2.216776293e+04,-4.701308215e-03,1.934332798e+16,5.848734987e+10,5.045655492e+20,6.127488390e+12,5.045655553e+20
3.000000000e+01,-2.260985265e+04,-4.997968964e-03,2.119491754e+16,3.655678714e+10,3.221684997e+20,4.598218327e+12,3.221685043e+20
3.100000000e+01,-2.308098741e+04,-5.327682269e-03,2.325281310e+16,2.271356963e+10,2.047614076e+20,3.438701413e+12,2.047614111e+20
3.200000000e+01,-2.358448374e+04,-5.695120423e-03,2.554617389e+16,1.402226184e+10,1.295047471e+20,2.562287477e+12,1.295047497e+20
3.300000000e+01,-2.412414573e+04,-6.105785786e-03,2.810934107e+16,8.597009720e+09,8.148107709e+19,1.901983698e+12,8.148107899e+19
3.400000000e+01,-2.470435419e+04,-6.566193418e-03,3.098297725e+16,5.231581773e+09,5.098157252e+19,1.406168450e+12,5.098157393e+19
3.500000000e+01,-2.533017628e+04,-7.084102309e-03,3.421550950e+16,3.158066499e+09,3.171094516e+19,1.035202527e+12,3.171094619e+19
3.600000000e+01,-2.600750114e+04,-7.668810598e-03,3.786497177e+16,1.890060907e+09,1.960354976e+19,7.587681621e+11,1.960355052e+19
3.700000000e+01,-2.674320895e+04,-8.331535848e-03,4.200137830e+16,1.121162779e+09,1.204512723e+19,5.538010515e+11,1.204512778e+19
3.800000000e+01,-2.754538372e+04,-9.085909580e-03,4.670981019e+16,6.595388669e+08,7.363050620e+18,4.029160911e+11,7.363051023e+18
3.900000000e+01,-2.842358331e+04,-9.948627070e-03,5.209447109e+16,3.859458805e+08,4.493898131e+18,2.932700267e+11,4.493898425e+18
4.000000000e+01,-2.642179886e+04,2.270591697e-02,5.828075732e+16,2.274870925e+08,2.406699893e+18,2.163540956e+11,2.406700110e+18
4.100000000e+01,-2.451037755e+04,2.168071786e-02,6.467954935e+16,1.377282187e+08,1.329747783e+18,1.613299011e+11,1.329747944e+18
4.200000000e+01,-2.269153732e+04,2.063042991e-02,7.123493363e+16,8.546105536e+07,7.561239833e+17,1.214261529e+11,7.561241047e+17
4.300000000e+01,-2.096668279e+04,1.956427877e-02,7.788932828e+16,5.424157955e+07,4.414905588e+17,9.213956104e+10,4.414906509e+17
4.400000000e+01,-1.933640713e+04,1.849146601e-02,8.458530146e+16,3.515110091e+07,2.641640361e+17,7.041846767e+10,2.641641065e+17
4.500000000e+01,-1.780051751e+04,1.742090134e-02,9.126724318e+16,2.322122930e+07,1.616780877e+17,5.415927341e+10,1.616781419e+17
4.600000000e+01,-1.635808114e+04,1.636097074e-02,9.788281228e+16,1.561464752e+07,1.010483508e+17,4.188926245e+10,1.010483927e+17
4.700000000e+01,-1.500748787e+04,1.531934901e-02,1.043841063e+17,1.067324653e+07,6.439466264e+16,3.256287976e+10,6.439469520e+16
4.800000000e+01,-1.374652502e+04,1.430286103e-02,1.107285278e+17,7.407020125e+06,4.178445789e+16,2.542845066e+10,4.178448331e+16
4.900000000e+01,-1.257246029e+04,1.331739182e-02,1.168793452e+17,5.212918807e+06,2.757267808e+16,1.993946856e+10,2.757269802e+16
5.000000000e+01,-1.148212848e+04,1.236784287e-02,1.228059660e+17,3.716671723e+06,1.848182780e+16,1.569458708e+10,1.848184350e+16
5.100000000e+01,-1.047201851e+04,1.145812917e-02,1.284839545e+17,2.681896050e+06,1.257063819e+16,1.239641415e+10,1.257065059e+16
5.200000000e+01,-9.538357712e+03,1.059121060e-02,1.338948368e+17,1.956828314e+06,8.667584413e+15,9.822820311e+09,8.667594236e+15
5.300000000e+01,-8.677191031e+03,9.769149952e-03,1.390257378e+17,1.442520903e+06,6.053157166e+15,7.806703209e+09,6.053164972e+15
5.400000000e+01,-7.884453346e+03,8.993190400e-03,1.438688983e+17,1.073520516e+06,4.278116770e+15,6.221548018e+09,4.278122992e+15
5.500000000e+01,-7.156033910e+03,8.263845447e-03,1.484211132e+17,8.059357155e+05,3.057590150e+15,4.971013585e+09,3.057595121e+15
5.600000000e+01,-6.487832273e+03,7.580995264e-03,1.526831305e+17,6.099530398e+05,2.208276180e+15,3.981349558e+09,2.208280161e+15
5.700000000e+01,-5.875805574e+03,6.943984404e-03,1.566590412e+17,4.650742241e+05,1.610594712e+15,3.195827004e+09,1.610597908e+15
5.800000000e+01,-5.316007452e+03,6.351716930e-03,1.603556855e+17,3.570430575e+05,1.185514043e+15,2.570616022e+09,1.185516613e+15
5.900000000e+01,-4.804619030e+03,5.802746034e-03,1.637820936e+17,2.758364080e+05,8.801548718e+14,2.071713076e+09,8.801569435e+14
6.000000000e+01,-4.337972658e+03,5.295356163e-03,1.669489734e+17,2.143345622e+05,6.587216205e+14,1.672636315e+09,6.587232931e+14
6.100000000e+01,-3.912569163e+03,4.827636503e-03,1.698682510e+17,1.674307753e+05,4.967140219e+14,1.352687071e+09,4.967153746e+14
6.200000000e+01,-3.525089424e+03,4.397545278e-03,1.725526704e+17,1.314282599e+05,3.771860585e+14,1.095631628e+09,3.771871541e+14
6.300000000e+01,-3.172401077e+03,4.002964872e-03,1.750154485e+17,1.036274642e+05,2.882992793e+14,8.886968977e+08,2.883001680e+14
6.400000000e+01,-2.851561130e+03,3.641748133e-03,1.772699870e+17,8.204071985e+04,2.217045193e+14,7.218018684e+08,2.217052411e+14
6.500000000e+01,-2.559815220e+03,3.311756454e-03,1.793296339e+17,6.519303763e+04,1.714599986e+14,5.869670405e+08,1.714605856e+14
6.600000000e+01,-2.294594161e+03,3.010890422e-03,1.812074927e+17,5.198175677e+04,1.333005870e+14,4.778588723e+08,1.333010648e+14
6.700000000e+01,-2.053508366e+03,2.737113854e-03,1.829162723e+17,4.157678566e+04,1.041394182e+14,3.894370691e+08,1.041398077e+14
6.800000000e+01,-1.834340662e+03,2.488472106e-03,1.844681726e+17,3.334909559e+04,8.172479327e+13,3.176805382e+08,8.172511095e+13
6.900000000e+01,-1.635037908e+03,2.263105482e-03,1.858748010e+17,2.681905167e+04,6.440187475e+13,2.593737463e+08,6.440213413e+13
7.000000000e+01,-1.453701804e+03,2.059258540e-03,1.871471141e+17,2.161878919e+04,5.094575004e+13,2.119396255e+08,5.094596198e+13
7.100000000e+01,-1.288579170e+03,1.875286029e-03,1.882953806e+17,1.746461470e+04,4.044352939e+13,1.733084786e+08,4.044370270e+13
7.200000000e+01,-1.138051938e+03,1.709656093e-03,1.893291618e+17,1.413661738e+04,3.221042111e+13,1.418148182e+08,3.221056292e+13
7.300000000e+01,-1.000627062e+03,1.560951326e-03,1.902573043e+17,1.146350496e+04,2.572954062e+13,1.161159521e+08,2.572965674e+13
7.400000000e+01,-8.749264722e+02,1.427868165e-03,1.910879444e+17,9.311252361e+03,2.060842812e+13,9.512755221e+07,2.060852325e+13
7.500000000e+01,-7.596771978e+02,1.309215053e-03,1.918285191e+17,7.574551762e+03,1.654741705e+13,7.797252800e+07,1.654749503e+13
7.600000000e+01,-6.537017258e+02,1.203909712e-03,1.924857836e+17,6.170334616e+03,1.331646880e+13,6.394035261e+07,1.331653274e+13
7.700000000e+01,-5.559086560e+02,1.110975845e-03,1.930658314e+17,5.032835875e+03,1.073809768e+13,5.245462599e+07,1.073815013e+13
7.800000000e+01,-4.652836754e+02,1.029539491e-03,1.935741174e+17,4.109813003e+03,8.674706388e+12,4.304714628e+07,8.674749436e+12
7.900000000e+01,-3.808808685e+02,9.588252440e-04,1.940154812e+17,3.359634809e+03,7.019136259e+12,3.533713764e+07,7.019171596e+12
8.000000000e+01,-3.018143589e+02,8.981524935e-04,1.943941708e+17,2.749029107e+03,5.687575198e+12,2.901457395e+07,5.687604213e+12
8.100000000e+01,-2.272502710e+02,8.469318148e-04,1.947138653e+17,2.251332046e+03,4.614205430e+12,2.382676414e+07,4.614229257e+12
8.200000000e+01,-1.563989882e+02,8.046616105e-04,1.949776953e+17,1.845121446e+03,3.747142398e+12,1.956754059e+07,3.747161965e+12
8.300000000e+01,-8.850767935e+01,7.709250824e-04,1.951882622e+17,1.513145463e+03,3.012594365e+12,1.606852996e+07,3.012610434e+12
8.400000000e+01,-2.285305856e+01,7.453875934e-04,1.953476547e+17,1.241479474e+03,2.469273634e+12,1.319209333e+07,2.469286827e+12
8.500000000e+01,4.126566006e+01,7.277944669e-04,1.954574624e+17,1.018499248e+03,2.023320928e+12,1.082174705e+07,2.023331750e+12
8.600000000e+01,1.045336546e+02,7.179692551e-04,1.955187866e+17,8.354081195e+02,1.678415266e+12,8.868804226e+06,1.678424135e+12
8.700000000e+01,1.676272774e+02,7.158125012e-04,1.955322480e+17,6.850320139e+02,1.384312734e+12,7.260224129e+06,1.384319994e+12
8.800000000e+01,2.312207729e+02,7.213010091e-04,1.954979914e+17,5.619487548e+02,1.141746937e+12,5.940498244e+06,1.141752878e+12
8.900000000e+01,2.959929762e+02,7.344876295e-04,1.954156870e+17,4.614526089e+02,9.422742651e+11,4.860917469e+06,9.422791260e+11
9.000000000e+01,3.626340378e+02,7.555015631e-04,1.952845283e+17,3.796794996e+02,7.788767692e+11,3.981164642e+06,7.788807504e+11
9.100000000e+01,4.318522211e+02,7.845491743e-04,1.951032273e+17,3.134691532e+02,6.457591064e+11,3.268019996e+06,6.457623744e+11
9.200000000e+01,5.043808155e+02,8.219153043e-04,1.948700061e+17,2.602515638e+02,5.381767194e+11,2.694271993e+06,5.381794137e+11
9.300000000e+01,5.809852082e+02,8.679650628e-04,1.945825860e+17,2.179543038e+02,4.522933198e+11,2.237809689e+06,4.522955577e+11
9.400000000e+01,6.624701541e+02,9.231460699e-04,1.942381731e+17,1.849278238e+02,3.850659350e+11,1.880875362e+06,3.850678159e+11
9.500000000e+01,7.496872806e+02,9.879911067e-04,1.938334421e+17,1.598864586e+02,3.341562285e+11,1.609459081e+06,3.341578380e+11
9.600000000e+01,8.435428583e+02,1.063121124e-03,1.933645172e+17,1.418634022e+02,2.978674985e+11,1.412820008e+06,2.978689113e+11
9.700000000e+01,9.450058637e+02,1.149248539e-03,1.928269520e+17,1.301784430e+02,2.751077020e+11,1.283122435e+06,2.751089851e+11
9.800000000e+01,1.055116351e+03,1.247180730e-03,1.922157071e+17,1.244177945e+02,2.653801101e+11,1.215177876e+06,2.653813253e+11
9.900000000e+01,1.055116351e+03,1.247180730e-03,1.922157071e+17,1.244177945e+02,2.653801101e+11,1.215177876e+06,2.653813253e+11
