x_nm,field_v_cm,charge_c_cm3,n_cm3,p_cm3,Ec_eV,Ev_eV,Ei_eV,Efn_eV,Efp_eV,Jtotal_a_cm2,Jelec_a_cm2,Jhole_a_cm2
0.000000000e+00,-1.455647046e+05,-1.062751776e-03,4.940656458e-312,5.909620235e+15,1.258422472e+00,6.992247216e-02,6.641724722e-01,-5.263577928e-01,4.396646813e-01,-3.238061740e-06,-0.000000000e+00,-3.238061740e-06
1.000000000e+00,-1.455647046e+05,-1.062751776e-03,0.000000000e+00,3.366822519e+15,1.243877250e+00,5.537724980e-02,6.496272498e-01,-5.409030152e-01,4.396641284e-01,-3.238061740e-06,-0.000000000e+00,-3.238061740e-06
2.000000000e+00,-1.456934791e+05,-1.294993370e-03,0.000000000e+00,1.917283931e+15,1.229320779e+00,4.082077934e-02,6.350707793e-01,-5.554594856e-01,4.396639019e-01,-4.546465377e-07,0.000000000e+00,-4.546465377e-07
3.000000000e+00,-1.458303079e+05,-1.427335917e-03,0.000000000e+00,1.091266396e+15,1.214751431e+00,2.625143143e-02,6.205014314e-01,-5.700288335e-01,4.396640045e-01,5.911869724e-07,0.000000000e+00,5.911869724e-07
4.000000000e+00,-1.459707168e+05,-1.502715898e-03,0.000000000e+00,6.207813759e+14,1.200168401e+00,1.166840063e-02,6.059184006e-01,-5.846118643e-01,4.396644993e-01,9.533645429e-07,0.000000000e+00,9.533645429e-07
5.000000000e+00,-1.461123619e+05,-1.545628725e-03,0.000000000e+00,3.529404713e+14,1.185571329e+00,-2.928671051e-03,5.913213289e-01,-5.992089360e-01,4.396655442e-01,1.059981589e-06,0.000000000e+00,1.059981589e-06
6.000000000e+00,-1.462540941e+05,-1.570045166e-03,0.000000000e+00,2.005449694e+14,1.170960093e+00,-1.753990724e-02,5.767100928e-01,-6.138201722e-01,4.396674532e-01,1.078897267e-06,0.000000000e+00,1.078897267e-06
7.000000000e+00,-1.463954231e+05,-1.583929907e-03,0.000000000e+00,1.138832032e+14,1.156334683e+00,-3.216531665e-02,5.620846833e-01,-6.284455816e-01,4.396708093e-01,1.072561505e-06,0.000000000e+00,1.072561505e-06
8.000000000e+00,-1.465362110e+05,-1.591821279e-03,0.000000000e+00,6.462911096e+13,1.141695141e+00,-4.680485896e-02,5.474451410e-01,-6.430851239e-01,4.396766639e-01,1.062209672e-06,0.000000000e+00,1.062209672e-06
9.000000000e+00,-1.466764976e+05,-1.596303853e-03,0.000000000e+00,3.665107407e+13,1.127041520e+00,-6.145848006e-02,5.327915199e-01,-6.577387450e-01,4.396868919e-01,1.053797250e-06,0.000000000e+00,1.053797250e-06
1.000000000e+01,-1.468164011e+05,-1.598848712e-03,0.000000000e+00,2.076730585e+13,1.112373870e+00,-7.612612983e-02,5.181238702e-01,-6.724063948e-01,4.397048227e-01,1.048113968e-06,0.000000000e+00,1.048113968e-06
1.100000000e+01,-1.469560631e+05,-1.600292697e-03,0.000000000e+00,1.175465727e+13,1.097692230e+00,-9.080776994e-02,5.034422301e-01,-6.870880349e-01,4.397363620e-01,1.044511959e-06,0.000000000e+00,1.044511959e-06
1.200000000e+01,-1.470956196e+05,-1.601111586e-03,0.000000000e+00,6.643553055e+12,1.082996624e+00,-1.055033762e-01,4.887466238e-01,-7.017836412e-01,4.397919950e-01,1.042137919e-06,0.000000000e+00,1.042137919e-06
1.300000000e+01,-1.472351859e+05,-1.601575728e-03,0.000000000e+00,3.746606953e+12,1.068287062e+00,-1.202129382e-01,4.740370618e-01,-7.164932032e-01,4.398903838e-01,1.040232082e-06,0.000000000e+00,1.040232082e-06
1.400000000e+01,-1.473748515e+05,-1.601838656e-03,0.000000000e+00,2.105535134e+12,1.053563543e+00,-1.349364568e-01,4.593135432e-01,-7.312167218e-01,4.400649015e-01,1.038091676e-06,0.000000000e+00,1.038091676e-06
1.500000000e+01,-1.475146787e+05,-1.601987517e-03,0.000000000e+00,1.176420296e+12,1.038826058e+00,-1.496739420e-01,4.445760580e-01,-7.459542069e-01,4.403757180e-01,1.034895176e-06,0.000000000e+00,1.034895176e-06
1.600000000e+01,-1.476547055e+05,-1.602071744e-03,0.000000000e+00,6.507129475e+11,1.024074590e+00,-1.644254098e-01,4.298245902e-01,-7.607056748e-01,4.409328657e-01,1.029398749e-06,0.000000000e+00,1.029398749e-06
1.700000000e+01,-1.477949485e+05,-1.602119365e-03,0.000000000e+00,3.534902262e+11,1.009309120e+00,-1.791908804e-01,4.150591196e-01,-7.754711453e-01,4.419426377e-01,1.019372358e-06,0.000000000e+00,1.019372358e-06
1.800000000e+01,-1.479354080e+05,-1.602146253e-03,0.000000000e+00,1.856663664e+11,9.945296248e-01,-1.939703752e-01,4.002796248e-01,-7.902506402e-01,4.438093854e-01,1.000353914e-06,0.000000000e+00,1.000353914e-06
1.900000000e+01,-1.480760713e+05,-1.602161388e-03,0.000000000e+00,9.120401944e+10,9.797360840e-01,-2.087639160e-01,3.854860840e-01,-8.050441810e-01,4.473928257e-01,9.622699834e-07,0.000000000e+00,9.622699834e-07
2.000000000e+01,-1.482169177e+05,-1.602169819e-03,0.000000000e+00,3.857585858e+10,9.649284768e-01,-2.235715232e-01,3.706784768e-01,-8.198517881e-01,4.548301800e-01,8.771709804e-07,0.000000000e+00,8.771709804e-07
2.100000000e+01,-1.483579213e+05,-1.602174315e-03,0.000000000e+00,1.051757951e+10,9.501067851e-01,-2.383932149e-01,3.558567851e-01,-8.346734799e-01,4.736052402e-01,6.245695339e-07,0.000000000e+00,6.245695339e-07
2.200000000e+01,-1.484990542e+05,-1.602176000e-03,0.000000000e+00,0.000000000e+00,9.352709929e-01,-2.532290071e-01,3.410209929e-01,-8.495092720e-01,1.531551258e+00,2.157358633e-07,0.000000000e+00,2.157358633e-07
2.300000000e+01,-1.486402886e+05,-1.602176000e-03,0.000000000e+00,0.000000000e+00,9.204210875e-01,-2.680789125e-01,3.261710875e-01,-8.643591774e-01,1.516701352e+00,0.000000000e+00,0.000000000e+00,0.000000000e+00
2.400000000e+01,-1.487815987e+05,-1.602176000e-03,0.000000000e+00,0.000000000e+00,9.055570587e-01,-2.829429413e-01,3.113070587e-01,-8.792232063e-01,1.501837324e+00,0.000000000e+00,0.000000000e+00,0.000000000e+00
2.500000000e+01,-1.489229618e+05,-1.602176000e-03,0.000000000e+00,0.000000000e+00,8.906788988e-01,-2.978211012e-01,2.964288988e-01,-8.941013662e-01,1.486959164e+00,0.000000000e+00,0.000000000e+00,0.000000000e+00
2.600000000e+01,-1.490643583e+05,-1.602176000e-03,0.000000000e+00,0.000000000e+00,8.757866026e-01,-3.127133974e-01,2.815366026e-01,-9.089936624e-01,1.472066868e+00,0.000000000e+00,0.000000000e+00,0.000000000e+00
2.700000000e+01,-1.492057727e+05,-1.602176000e-03,0.000000000e+00,0.000000000e+00,8.608801668e-01,-3.276198332e-01,2.666301668e-01,-9.239000982e-01,1.457160432e+00,0.000000000e+00,0.000000000e+00,0.000000000e+00
2.800000000e+01,-1.493471928e+05,-1.602176000e-03,0.000000000e+00,0.000000000e+00,8.459595895e-01,-3.425404105e-01,2.517095895e-01,-9.388206755e-01,1.442239854e+00,0.000000000e+00,0.000000000e+00,0.000000000e+00
2.900000000e+01,-1.494886099e+05,-1.602176000e-03,0.000000000e+00,0.000000000e+00,8.310248702e-01,-3.574751298e-01,2.367748702e-01,-9.537553947e-01,1.427305135e+00,0.000000000e+00,0.000000000e+00,0.000000000e+00
3.000000000e+01,-1.496300180e+05,-1.602176000e-03,0.000000000e+00,0.000000000e+00,8.160760093e-01,-3.724239907e-01,2.218260093e-01,-9.687042557e-01,1.412356274e+00,0.000000000e+00,0.000000000e+00,0.000000000e+00
3.100000000e+01,-1.497714138e+05,-1.602176000e-03,0.000000000e+00,0.000000000e+00,8.011130074e-01,-3.873869926e-01,2.068630074e-01,-9.836672575e-01,1.397393272e+00,0.000000000e+00,0.000000000e+00,0.000000000e+00
3.200000000e+01,-1.499127954e+05,-1.602176000e-03,0.000000000e+00,0.000000000e+00,7.861358661e-01,-4.023641339e-01,1.918858661e-01,-9.986443989e-01,1.382416131e+00,0.000000000e+00,0.000000000e+00,0.000000000e+00
3.300000000e+01,-1.500541627e+05,-1.602176000e-03,0.000000000e+00,0.000000000e+00,7.711445865e-01,-4.173554135e-01,1.768945865e-01,-1.013635678e+00,1.367424851e+00,0.000000000e+00,0.000000000e+00,0.000000000e+00
3.400000000e+01,-1.501955163e+05,-1.602176000e-03,0.000000000e+00,0.000000000e+00,7.561391703e-01,-4.323608297e-01,1.618891703e-01,-1.028641095e+00,1.352419435e+00,0.000000000e+00,0.000000000e+00,0.000000000e+00
3.500000000e+01,-1.503368576e+05,-1.602176000e-03,0.000000000e+00,0.000000000e+00,7.411196186e-01,-4.473803814e-01,1.468696186e-01,-1.043660646e+00,1.337399884e+00,0.000000000e+00,0.000000000e+00,0.000000000e+00
3.600000000e+01,-1.504781882e+05,-1.602176000e-03,0.000000000e+00,0.000000000e+00,7.260859329e-01,-4.624140671e-01,1.318359329e-01,-1.058694332e+00,1.322366198e+00,0.000000000e+00,0.000000000e+00,0.000000000e+00
3.700000000e+01,-1.506195100e+05,-1.602176000e-03,0.000000000e+00,0.000000000e+00,7.110381141e-01,-4.774618859e-01,1.167881141e-01,-1.073742151e+00,1.307318379e+00,0.000000000e+00,0.000000000e+00,0.000000000e+00
3.800000000e+01,-1.507608247e+05,-1.602176000e-03,0.000000000e+00,0.000000000e+00,6.959761631e-01,-4.925238369e-01,1.017261631e-01,-1.088804102e+00,1.292256428e+00,0.000000000e+00,0.000000000e+00,0.000000000e+00
3.900000000e+01,-1.509021339e+05,-1.602176000e-03,0.000000000e+00,0.000000000e+00,6.809000806e-01,-5.075999194e-01,8.665008059e-02,-1.103880184e+00,1.277180346e+00,0.000000000e+00,0.000000000e+00,0.000000000e+00
4.000000000e+01,-1.480760991e+05,3.204352000e-02,0.000000000e+00,0.000000000e+00,6.658098672e-01,-5.226901328e-01,7.155986720e-02,-1.118970398e+00,1.262090132e+00,0.000000000e+00,0.000000000e+00,0.000000000e+00
4.100000000e+01,-1.452500615e+05,3.204352000e-02,0.000000000e+00,0.000000000e+00,6.510022573e-01,-5.374977427e-01,5.675225729e-02,-1.133778008e+00,1.247282522e+00,0.000000000e+00,0.000000000e+00,0.000000000e+00
4.200000000e+01,-1.424240220e+05,3.204352000e-02,0.000000000e+00,0.000000000e+00,6.364772511e-01,-5.520227489e-01,4.222725113e-02,-1.148303014e+00,1.232757516e+00,0.000000000e+00,0.000000000e+00,0.000000000e+00
4.300000000e+01,-1.395979814e+05,3.204352000e-02,0.000000000e+00,0.000000000e+00,6.222348489e-01,-5.662651511e-01,2.798484893e-02,-1.162545416e+00,1.218515114e+00,0.000000000e+00,0.000000000e+00,0.000000000e+00
4.400000000e+01,-1.367719402e+05,3.204352000e-02,0.000000000e+00,0.000000000e+00,6.082750508e-01,-5.802249492e-01,1.402505079e-02,-1.176505214e+00,1.204555316e+00,0.000000000e+00,0.000000000e+00,0.000000000e+00
4.500000000e+01,-1.339458988e+05,3.204352000e-02,0.000000000e+00,0.000000000e+00,5.945978568e-01,-5.939021432e-01,3.478567770e-04,-1.190182408e+00,1.190878122e+00,0.000000000e+00,0.000000000e+00,0.000000000e+00
4.600000000e+01,-1.311198577e+05,3.204352000e-02,0.000000000e+00,0.000000000e+00,5.812032669e-01,-6.072967331e-01,-1.304673311e-02,-1.203576998e+00,1.177483532e+00,0.000000000e+00,0.000000000e+00,0.000000000e+00
4.700000000e+01,-1.282938168e+05,3.204352000e-02,0.000000000e+00,0.000000000e+00,5.680912811e-01,-6.204087189e-01,-2.615871887e-02,-1.216688984e+00,1.164371546e+00,1.085357668e-05,1.085357668e-05,0.000000000e+00
4.800000000e+01,-1.254677807e+05,3.204347225e-02,2.980245915e+11,0.000000000e+00,5.552618994e-01,-6.332381006e-01,-3.898810056e-02,-7.028403981e-02,1.151542164e+00,3.633097208e-05,3.633097208e-05,0.000000000e+00
4.900000000e+01,-1.226417571e+05,3.204333431e-02,1.158955129e+12,0.000000000e+00,5.427151214e-01,-6.457848786e-01,-5.153487862e-02,-4.772121602e-02,1.138995386e+00,5.103572369e-05,5.103572369e-05,0.000000000e+00
5.000000000e+01,-1.198157533e+05,3.204311644e-02,2.518850342e+12,0.000000000e+00,5.304509457e-01,-6.580490543e-01,-6.379905433e-02,-3.991687647e-02,1.126731211e+00,5.103566562e-05,5.103566562e-05,0.000000000e+00
5.100000000e+01,-1.169897800e+05,3.204277626e-02,4.642077854e+12,0.000000000e+00,5.184693703e-01,-6.700306297e-01,-7.578062967e-02,-3.609356397e-02,1.114749635e+00,5.103548269e-05,5.103548269e-05,0.000000000e+00
5.200000000e+01,-1.141638534e+05,3.204225125e-02,7.918923712e+12,0.000000000e+00,5.067703923e-01,-6.817296077e-01,-8.747960767e-02,-3.398514464e-02,1.103050657e+00,5.103524751e-05,5.103524751e-05,0.000000000e+00
5.300000000e+01,-1.113379978e+05,3.204145031e-02,1.291798220e+13,0.000000000e+00,4.953540070e-01,-6.931459930e-01,-9.889599301e-02,-3.275044806e-02,1.091634272e+00,5.103497958e-05,5.103497958e-05,0.000000000e+00
5.400000000e+01,-1.085122491e+05,3.204024249e-02,2.045658625e+13,0.000000000e+00,4.842202072e-01,-7.042797928e-01,-1.100297928e-01,-3.200046524e-02,1.080500472e+00,5.103468407e-05,5.103468407e-05,0.000000000e+00
5.500000000e+01,-1.056866594e+05,3.203844210e-02,3.169377005e+13,0.000000000e+00,4.733689823e-01,-7.151310177e-01,-1.208810177e-01,-3.153327480e-02,1.069649247e+00,5.103436082e-05,5.103436082e-05,0.000000000e+00
5.600000000e+01,-1.028613039e+05,3.203578940e-02,4.825063042e+13,0.000000000e+00,4.628003164e-01,-7.256996836e-01,-1.314496836e-01,-3.123662048e-02,1.059080581e+00,5.103400721e-05,5.103400721e-05,0.000000000e+00
5.700000000e+01,-1.000362893e+05,3.203192617e-02,7.236301231e+13,0.000000000e+00,4.525141860e-01,-7.359858140e-01,-1.417358140e-01,-3.104527229e-02,1.048794451e+00,5.103361918e-05,5.103361918e-05,0.000000000e+00
5.800000000e+01,-9.721176526e+04,3.202636534e-02,1.070710114e+14,0.000000000e+00,4.425105570e-01,-7.459894430e-01,-1.517394430e-01,-3.092015141e-02,1.038790822e+00,5.103319183e-05,5.103319183e-05,0.000000000e+00
5.900000000e+01,-9.438793902e+04,3.201845417e-02,1.564486644e+14,0.000000000e+00,4.327893805e-01,-7.557106195e-01,-1.614606195e-01,-3.083731389e-02,1.029069645e+00,5.103271979e-05,5.103271979e-05,0.000000000e+00
6.000000000e+01,-9.156509386e+04,3.200733082e-02,2.258751776e+14,0.000000000e+00,4.233505866e-01,-7.651494134e-01,-1.708994134e-01,-3.078182852e-02,1.019630852e+00,5.103219766e-05,5.103219766e-05,0.000000000e+00
6.100000000e+01,-8.874361188e+04,3.199187451e-02,3.223459430e+14,0.000000000e+00,4.141940772e-01,-7.743059228e-01,-1.800559228e-01,-3.074424760e-02,1.010474342e+00,5.103162064e-05,5.103162064e-05,0.000000000e+00
6.200000000e+01,-8.592400175e+04,3.197065027e-02,4.548172842e+14,0.000000000e+00,4.053197160e-01,-7.831802840e-01,-1.889302840e-01,-3.071851692e-02,1.001599981e+00,5.103098528e-05,5.103098528e-05,0.000000000e+00
6.300000000e+01,-8.310693161e+04,3.194185018e-02,6.345733534e+14,0.000000000e+00,3.967273159e-01,-7.917726841e-01,-1.975226841e-01,-3.070071227e-02,9.930075808e-01,5.103029055e-05,5.103029055e-05,0.000000000e+00
6.400000000e+01,-8.029326715e+04,3.190323395e-02,8.755970190e+14,0.000000000e+00,3.884166227e-01,-8.000833773e-01,-2.058333773e-01,-3.068826293e-02,9.846968877e-01,5.102953901e-05,5.102953901e-05,0.000000000e+00
6.500000000e+01,-7.748411473e+04,3.185207289e-02,1.194919331e+15,0.000000000e+00,3.803872960e-01,-8.081127040e-01,-2.138627040e-01,-3.067946784e-02,9.766675610e-01,5.102873821e-05,5.102873821e-05,0.000000000e+00
6.600000000e+01,-7.468086863e+04,3.178510265e-02,1.612914857e+15,0.000000000e+00,3.726388845e-01,-8.158611155e-01,-2.216111155e-01,-3.067319047e-02,9.689191495e-01,5.102790220e-05,5.102790220e-05,0.000000000e+00
6.700000000e+01,-7.188526109e+04,3.169849079e-02,2.153503784e+15,0.000000000e+00,3.651707976e-01,-8.233292024e-01,-2.290792024e-01,-3.066866430e-02,9.614510626e-01,5.102705288e-05,5.102705288e-05,0.000000000e+00
6.800000000e+01,-6.909941340e+04,3.158782633e-02,2.844217300e+15,0.000000000e+00,3.579822715e-01,-8.305177285e-01,-2.362677285e-01,-3.066536766e-02,9.542625365e-01,5.102622126e-05,5.102622126e-05,0.000000000e+00
6.900000000e+01,-6.632588526e+04,3.144813830e-02,3.716081758e+15,0.000000000e+00,3.510723302e-01,-8.374276698e-01,-2.431776698e-01,-3.066294225e-02,9.473525952e-01,5.102544811e-05,5.102544811e-05,0.000000000e+00
7.000000000e+01,-6.356771938e+04,3.127394990e-02,4.803280677e+15,0.000000000e+00,3.444397417e-01,-8.440602583e-01,-2.498102583e-01,-3.066113987e-02,9.407200066e-01,5.102478408e-05,5.102478408e-05,0.000000000e+00
7.100000000e+01,-6.082847773e+04,3.105937332e-02,6.142562864e+15,0.000000000e+00,3.380829697e-01,-8.504170303e-01,-2.561670303e-01,-3.065978703e-02,9.343632347e-01,5.102428880e-05,5.102428880e-05,0.000000000e+00
7.200000000e+01,-5.811226565e+04,3.079824789e-02,7.772380254e+15,0.000000000e+00,3.320001220e-01,-8.564998780e-01,-2.622498780e-01,-3.065876145e-02,9.282803869e-01,5.102402892e-05,5.102402892e-05,0.000000000e+00
7.300000000e+01,-5.542373991e+04,3.048432072e-02,9.731760295e+15,0.000000000e+00,3.261888954e-01,-8.623111046e-01,-2.680611046e-01,-3.065797620e-02,9.224691604e-01,5.102407491e-05,5.102407491e-05,0.000000000e+00
7.400000000e+01,-5.276809764e+04,3.011146503e-02,1.205894343e+16,0.000000000e+00,3.206465214e-01,-8.678534786e-01,-2.736034786e-01,-3.065736899e-02,9.169267864e-01,5.102449657e-05,5.102449657e-05,0.000000000e+00
7.500000000e+01,-5.015104346e+04,2.967392664e-02,1.478984429e+16,0.000000000e+00,3.153697116e-01,-8.731302884e-01,-2.788802884e-01,-3.065689478e-02,9.116499766e-01,5.102535747e-05,5.102535747e-05,0.000000000e+00
7.600000000e+01,-4.757873357e+04,2.916658511e-02,1.795642232e+16,0.000000000e+00,3.103546073e-01,-8.781453927e-01,-2.838953927e-01,-3.065652076e-02,9.066348723e-01,5.102670848e-05,5.102670848e-05,0.000000000e+00
7.700000000e+01,-4.505769710e+04,2.858521192e-02,2.158506981e+16,0.000000000e+00,3.055967339e-01,-8.829032661e-01,-2.886532661e-01,-3.065622284e-02,9.018769989e-01,5.102858101e-05,5.102858101e-05,0.000000000e+00
7.800000000e+01,-4.259473665e+04,2.792670645e-02,2.569513931e+16,0.000000000e+00,3.010909642e-01,-8.874090358e-01,-2.931590358e-01,-3.065598319e-02,8.973712292e-01,5.103098052e-05,5.103098052e-05,0.000000000e+00
7.900000000e+01,-4.019681169e+04,2.718928971e-02,3.029773442e+16,0.000000000e+00,2.968314906e-01,-8.916685094e-01,-2.974185094e-01,-3.065578851e-02,8.931117555e-01,5.103388117e-05,5.103388117e-05,0.000000000e+00
8.000000000e+01,-3.787091029e+04,2.637263767e-02,3.539487753e+16,0.000000000e+00,2.928118094e-01,-8.956881906e-01,-3.014381906e-01,-3.065562879e-02,8.890920744e-01,5.103722257e-05,5.103722257e-05,0.000000000e+00
8.100000000e+01,-3.562391559e+04,2.547793999e-02,4.097914344e+16,0.000000000e+00,2.890247184e-01,-8.994752816e-01,-3.052252816e-01,-3.065549646e-02,8.853049833e-01,5.104090938e-05,5.104090938e-05,0.000000000e+00
8.200000000e+01,-3.346247450e+04,2.450787523e-02,4.703381385e+16,0.000000000e+00,2.854623268e-01,-9.030376732e-01,-3.087876732e-01,-3.065538576e-02,8.817425918e-01,5.104481460e-05,5.104481460e-05,0.000000000e+00
8.300000000e+01,-3.139287611e+04,2.346650060e-02,5.353356563e+16,0.000000000e+00,2.821160794e-01,-9.063839206e-01,-3.121339206e-01,-3.065529224e-02,8.783963443e-01,5.104878711e-05,5.104878711e-05,0.000000000e+00
8.400000000e+01,-2.942094694e+04,2.235906091e-02,6.044566321e+16,0.000000000e+00,2.789767917e-01,-9.095232083e-01,-3.152732083e-01,-3.065521248e-02,8.752570567e-01,5.105266269e-05,5.105266269e-05,0.000000000e+00
8.500000000e+01,-2.755196924e+04,2.119172781e-02,6.773158622e+16,0.000000000e+00,2.760346971e-01,-9.124653029e-01,-3.182153029e-01,-3.065514381e-02,8.723149620e-01,5.105627811e-05,5.105627811e-05,0.000000000e+00
8.600000000e+01,-2.579062692e+04,1.997128511e-02,7.534899343e+16,0.000000000e+00,2.732795001e-01,-9.152204999e-01,-3.209704999e-01,-3.065508413e-02,8.695597651e-01,5.105948641e-05,5.105948641e-05,0.000000000e+00
8.700000000e+01,-2.414098251e+04,1.870477895e-02,8.325390624e+16,0.000000000e+00,2.707004374e-01,-9.177995626e-01,-3.235495626e-01,-3.065503179e-02,8.669807024e-01,5.106217112e-05,5.106217112e-05,0.000000000e+00
8.800000000e+01,-2.260648620e+04,1.739915220e-02,9.140299068e+16,0.000000000e+00,2.682863392e-01,-9.202136608e-01,-3.259636608e-01,-3.065498548e-02,8.645666042e-01,5.106425768e-05,5.106425768e-05,0.000000000e+00
8.900000000e+01,-2.119001704e+04,1.606088087e-02,9.975582664e+16,0.000000000e+00,2.660256906e-01,-9.224743094e-01,-3.282243094e-01,-3.065494417e-02,8.623059555e-01,5.106571998e-05,5.106571998e-05,0.000000000e+00
9.000000000e+01,-1.989395470e+04,1.469562721e-02,1.082770731e+17,0.000000000e+00,2.639066889e-01,-9.245933111e-01,-3.303433111e-01,-3.065490701e-02,8.601869538e-01,5.106658122e-05,5.106658122e-05,0.000000000e+00
9.100000000e+01,-1.872027951e+04,1.330791934e-02,1.169384678e+17,0.000000000e+00,2.619172934e-01,-9.265827066e-01,-3.323327066e-01,-3.065487334e-02,8.581975584e-01,5.106690966e-05,5.106690966e-05,0.000000000e+00
9.200000000e+01,-1.767069796e+04,1.190086202e-02,1.257206323e+17,0.000000000e+00,2.600452654e-01,-9.284547346e-01,-3.342047346e-01,-3.065484260e-02,8.563255304e-01,5.106681011e-05,5.106681011e-05,0.000000000e+00
9.300000000e+01,-1.674679113e+04,1.047587745e-02,1.346146899e+17,0.000000000e+00,2.582781956e-01,-9.302218044e-01,-3.359718044e-01,-3.065481437e-02,8.545584606e-01,5.106641349e-05,5.106641349e-05,0.000000000e+00
9.400000000e+01,-1.595018386e+04,9.032469437e-03,1.436237377e+17,0.000000000e+00,2.566035165e-01,-9.318964835e-01,-3.376464835e-01,-3.065478827e-02,8.528837815e-01,5.106586657e-05,5.106586657e-05,0.000000000e+00
9.500000000e+01,-1.528273371e+04,7.567998962e-03,1.527642471e+17,0.000000000e+00,2.550084981e-01,-9.334915019e-01,-3.392415019e-01,-3.065476402e-02,8.512887631e-01,5.106532326e-05,5.106532326e-05,0.000000000e+00
9.600000000e+01,-1.474674028e+04,6.077454233e-03,1.620674992e+17,0.000000000e+00,2.534802248e-01,-9.350197752e-01,-3.407697752e-01,-3.065474138e-02,8.497604897e-01,5.106493893e-05,5.106493893e-05,0.000000000e+00
9.700000000e+01,-1.434517716e+04,4.553192872e-03,1.715811941e+17,0.000000000e+00,2.520055507e-01,-9.364944493e-01,-3.422444493e-01,-3.065472014e-02,8.482858157e-01,5.106486783e-05,5.106486783e-05,0.000000000e+00
9.800000000e+01,-1.408195163e+04,2.984628284e-03,1.813714081e+17,0.000000000e+00,2.505710330e-01,-9.379289670e-01,-3.436789670e-01,-3.065470015e-02,8.468512980e-01,5.108480336e-05,5.108480336e-05,7.264331319e-16
9.900000000e+01,-1.408195163e+04,2.984628284e-03,1.915251214e+17,-1.787054431e+01,2.491628379e-01,-9.393371621e-01,-3.450871621e-01,-3.065468127e-02,8.454431028e-01,5.108480336e-05,5.108480336e-05,7.264331319e-16
