stage,case_id,official_j_m1_v_a_cm2,whole_j_m1_v_a_cm2,left_j_m1_v_a_cm2,right_j_m1_v_a_cm2,left_edge_j_m1_v_a_cm2,right_edge_j_m1_v_a_cm2,absmax_j_m1_v_a_cm2,official_zero_like_points,whole_zero_like_points,profile_m1_source,profile_m1_j_median_a_cm2,profile_m1_j_absmax_a_cm2,profile_m1_j_p95_a_cm2,profile_m1_j_p05_a_cm2,profile_m1_zero_like_fraction,profile_m1_conservation_ratio,timeout_events_total,max_gummel_iterations,all_bias_targets_reached
r1_current_extraction,R1_baseline_json,0.0,0.0,0.001225896736,0.0,0.0012249633140000002,0.0,0.001226467354,22,20,profile_m1p00v.csv,0.0,0.001226467354,0.0012255387436999998,0.0,0.86,1.226467354e+27,0,1488,True
r1_current_extraction,R1_selective_bc0p0,0.0,0.0,0.0,0.0,0.0,0.0,98.81828155,6,14,profile_m1p00v.csv,0.0,98.81828155,0.1676295517,0.0,0.92,9.881828154999998e+31,0,1997,True
r2_contact_boundaries,R2_ohmic_bc0p0,0.0,0.0,0.0,0.0,0.0,0.0,102.1807337,6,14,profile_m1p00v.csv,0.0,102.1807337,0.04140433131999764,0.0,0.95,1.021807337e+32,0,1107,True
r2_contact_boundaries,R2_ohmic_bc0p6,-2.5547473679999997e-06,0.0,0.001225496487,-2.5547473679999997e-06,0.0012243766089999998,-2.554169052e-06,0.001273002314,1,20,profile_m1p00v.csv,0.0,0.001273002314,0.0012254980441,-2.5545961080500003e-06,0.53,1.2730023139999997e+27,0,1101,True
r2_contact_boundaries,R2_selective_bc0p0,0.0,0.0,0.0,0.0,0.0,0.0,98.81828155,6,14,profile_m1p00v.csv,0.0,98.81828155,0.1676295517,0.0,0.92,9.881828154999998e+31,0,1997,True
r2_contact_boundaries,R2_selective_bc0p6,0.0,0.0,0.001225896736,0.0,0.0012249633140000002,0.0,0.001226467354,22,20,profile_m1p00v.csv,0.0,0.001226467354,0.0012255387436999998,0.0,0.86,1.226467354e+27,0,1488,True
r3_mesh_resolution,R3_mesh_0p2nm,-1.552640628e-10,1.0109443979999999e-16,3.495289008e-14,-1.552640628e-10,4.003962155e-15,-1.0784652410000001e-10,339.8566229,1,1,profile_m1p00v.csv,9.5302090175e-17,339.8566229,8.758683000499992e-13,-1.5749801528000001e-10,0.098,1.957715040928006e+16,105,10000,False
r3_mesh_resolution,R3_mesh_0p5nm,-1.5589769500000002e-10,7.13413784e-17,4.228239262e-14,-1.5589769500000002e-10,4.219879974e-15,-1.137808958e-10,142.734937,1,1,profile_m1p00v.csv,6.212074129000001e-17,142.734937,1.1621087584499982e-12,-1.6137163250499996e-10,0.1,5564598273776801.0,105,10000,False
r3_mesh_resolution,R3_mesh_1p0nm,0.0,0.0,0.0,0.0,0.0,0.0,98.81828155,6,14,profile_m1p00v.csv,0.0,98.81828155,0.1676295517,0.0,0.92,9.881828154999998e+31,0,1997,True
r4_high_field_models,R4_tat_baseline,0.0,0.0,0.0,0.0,0.0,0.0,98.81828155,6,14,profile_m1p00v.csv,0.0,98.81828155,0.1676295517,0.0,0.92,9.881828154999998e+31,0,1997,True
r4_high_field_models,R4_tat_disabled,1.145451762e-08,1.524557444e-09,-6.186030834e-09,1.145451762e-08,5.592408346e-10,1.02499066e-08,2.294992997e-05,1,1,profile_m1p00v.csv,1.555096899e-09,2.294992997e-05,1.1858515865e-08,-1.569004136149999e-09,0.29,3098.43719487399,0,1124,True
r4_high_field_models,R4_tat_strong,0.0,0.0,0.0,0.0,0.0,0.0,264.67827769999997,16,22,profile_m1p00v.csv,0.0,264.67827769999997,0.0,0.0,0.96,2.6467827769999993e+32,0,1904,True
r4_high_field_models,R4_trap_density_50,0.0,0.0,0.0,0.0,0.0,0.0,122.38414750000001,11,21,profile_m1p00v.csv,0.0,122.38414750000001,0.0,0.0,0.96,1.223841475e+32,0,1864,True
r5_polarization_stability,R5_full_polarization,0.0,0.0,0.0,0.0,0.0,0.0,98.81828155,6,14,profile_m1p00v.csv,0.0,98.81828155,0.1676295517,0.0,0.92,9.881828154999998e+31,0,1997,True
r5_polarization_stability,R5_partial_polarization,0.0,0.0,0.0,0.0,0.0,0.0,98.81828053,6,14,profile_m1p00v.csv,0.0,98.81828053,0.1676296357,0.0,0.92,9.881828052999998e+31,0,1997,True
r5_polarization_stability,R5_smoothed_interfaces,0.0,0.0,0.0,0.0,0.0,0.0,98.81828155,6,14,profile_m1p00v.csv,0.0,98.81828155,0.1676295517,0.0,0.92,9.881828154999998e+31,0,1997,True
