voltage_v,local_ideality_factor
5.000000000e-02,1.576572563e+00
1.000000000e-01,1.567034748e+00
1.500000000e-01,1.569070458e+00
2.000000000e-01,1.600291614e+00
2.500000000e-01,1.644006963e+00
3.000000000e-01,1.696983623e+00
3.500000000e-01,1.751166329e+00
4.000000000e-01,1.812217399e+00
4.500000000e-01,1.888054079e+00
5.000000000e-01,1.975012720e+00
5.500000000e-01,2.083257941e+00
6.000000000e-01,2.224495290e+00
6.500000000e-01,2.416861937e+00
7.000000000e-01,2.685506875e+00
7.500000000e-01,3.061351745e+00
8.000000000e-01,3.630272325e+00
8.500000000e-01,4.472377815e+00
9.000000000e-01,5.544099004e+00
9.500000000e-01,6.835416817e+00
1.000000000e+00,8.383302055e+00
1.050000000e+00,1.016385543e+01
1.100000000e+00,1.213716440e+01
1.150000000e+00,1.427058983e+01
1.200000000e+00,1.655341180e+01
1.250000000e+00,1.895187317e+01
1.300000000e+00,2.142963260e+01
1.350000000e+00,2.398615910e+01
1.400000000e+00,2.661654328e+01
1.450000000e+00,2.931531172e+01
1.500000000e+00,3.208030564e+01
1.550000000e+00,3.491243746e+01
1.600000000e+00,3.640385512e+01
