voltage_v,current_density_a_cm2,current_density_abs_a_cm2
-1.000000000e+00,-0.000000000e+00,0.000000000e+00
-9.500000000e-01,-6.877670000e-10,6.877670000e-10
-9.000000000e-01,-1.034305000e-09,1.034305000e-09
-8.500000000e-01,-1.261304000e-09,1.261304000e-09
-8.000000000e-01,-1.249149000e-09,1.249149000e-09
-7.500000000e-01,-1.236051000e-09,1.236051000e-09
-7.000000000e-01,-1.221718000e-09,1.221718000e-09
-6.500000000e-01,-1.205968000e-09,1.205968000e-09
-6.000000000e-01,-1.188833000e-09,1.188833000e-09
-5.500000000e-01,-1.170417000e-09,1.170417000e-09
-5.000000000e-01,-1.150760000e-09,1.150760000e-09
-4.500000000e-01,-1.129769000e-09,1.129769000e-09
-4.000000000e-01,-1.107255000e-09,1.107255000e-09
-3.500000000e-01,-1.082955000e-09,1.082955000e-09
-3.000000000e-01,-1.056529000e-09,1.056529000e-09
-2.500000000e-01,-1.027506000e-09,1.027506000e-09
-2.000000000e-01,-9.951040000e-10,9.951040000e-10
-1.500000000e-01,-9.574335000e-10,9.574335000e-10
-1.000000000e-01,-9.052552000e-10,9.052552000e-10
-5.000000000e-02,-8.249218000e-10,8.249218000e-10
0.000000000e+00,1.037160000e-09,1.037160000e-09
