voltage_v,current_density_a_cm2,current_a
0.000000000e+00,0.000000000e+00,0.000000000e+00
6.834777721e-02,3.136372173e+00,1.568186086e-03
1.087636403e-01,1.498058166e+00,7.490290832e-04
1.543409159e-01,7.420369003e-01,3.710184501e-04
2.022204057e-01,3.795565335e-01,1.897782667e-04
2.511643417e-01,1.990327661e-01,9.951638304e-05
3.006012662e-01,1.027805413e-01,5.139027065e-05
3.503009001e-01,5.143591973e-02,2.571795987e-05
4.001406823e-01,2.404825211e-02,1.202412606e-05
4.500457977e-01,7.828671121e-03,3.914335561e-06
5.000021055e-01,3.599120737e-04,1.799560369e-07
5.500050840e-01,8.690643845e-04,4.345321922e-07
6.000136709e-01,2.336909761e-03,1.168454880e-06
6.500314516e-01,5.376348868e-03,2.688174434e-06
7.000792943e-01,1.355458309e-02,6.777291547e-06
7.501925675e-01,3.291752528e-02,1.645876264e-05
8.005290145e-01,9.042982290e-02,4.521491145e-05
