bias_v,official_a_cm2,left_probe_a_cm2,center_probe_a_cm2,right_probe_a_cm2,whole_probe_a_cm2,absmax_probe_a_cm2,left_edge_a_cm2,right_edge_a_cm2,reached_bias_v,converged_flag,substep_attempts,successful_substeps,gummel_iterations,timeout_events,min_step_attempt_v,final_step_v
-1.050000000e+00,0.000000000e+00,0.000000000e+00,0.000000000e+00,0.000000000e+00,0.000000000e+00,0.000000000e+00,0.000000000e+00,-0.000000000e+00,-1.050000000e+00,1.000000000e+00,0.000000000e+00,0.000000000e+00,0.000000000e+00,0.000000000e+00,nan,0.000000000e+00
-1.000000000e+00,-1.558976950e-11,4.228239262e-15,1.441832530e-16,-1.558976950e-11,7.134137840e-18,1.427349370e+01,4.219879974e-16,-1.137808958e-11,-1.050000000e+00,0.000000000e+00,5.000000000e+00,0.000000000e+00,1.000000000e+04,5.000000000e+00,1.953125000e-04,4.882812500e-05
-9.500000000e-01,-1.558976950e-11,4.228239262e-15,1.441832530e-16,-1.558976950e-11,7.134137840e-18,1.427349370e+01,4.219879974e-16,-1.137808958e-11,-1.000000000e+00,0.000000000e+00,5.000000000e+00,0.000000000e+00,1.000000000e+04,5.000000000e+00,1.953125000e-04,4.882812500e-05
-9.000000000e-01,-1.558976950e-11,4.228239262e-15,1.441832530e-16,-1.558976950e-11,7.134137840e-18,1.427349370e+01,4.219879974e-16,-1.137808958e-11,-9.500000000e-01,0.000000000e+00,5.000000000e+00,0.000000000e+00,1.000000000e+04,5.000000000e+00,1.953125000e-04,4.882812500e-05
-8.500000000e-01,-1.558976950e-11,4.228239262e-15,1.441832530e-16,-1.558976950e-11,7.134137840e-18,1.427349370e+01,4.219879974e-16,-1.137808958e-11,-9.000000000e-01,0.000000000e+00,5.000000000e+00,0.000000000e+00,1.000000000e+04,5.000000000e+00,1.953125000e-04,4.882812500e-05
-8.000000000e-01,-1.558976950e-11,4.228239262e-15,1.441832530e-16,-1.558976950e-11,7.134137840e-18,1.427349370e+01,4.219879974e-16,-1.137808958e-11,-8.500000000e-01,0.000000000e+00,5.000000000e+00,0.000000000e+00,1.000000000e+04,5.000000000e+00,1.953125000e-04,4.882812500e-05
-7.500000000e-01,-1.558976950e-11,4.228239262e-15,1.441832530e-16,-1.558976950e-11,7.134137840e-18,1.427349370e+01,4.219879974e-16,-1.137808958e-11,-8.000000000e-01,0.000000000e+00,5.000000000e+00,0.000000000e+00,1.000000000e+04,5.000000000e+00,1.953125000e-04,4.882812500e-05
-7.000000000e-01,-1.558976950e-11,4.228239262e-15,1.441832530e-16,-1.558976950e-11,7.134137840e-18,1.427349370e+01,4.219879974e-16,-1.137808958e-11,-7.500000000e-01,0.000000000e+00,5.000000000e+00,0.000000000e+00,1.000000000e+04,5.000000000e+00,1.953125000e-04,4.882812500e-05
-6.500000000e-01,-1.558976950e-11,4.228239262e-15,1.441832530e-16,-1.558976950e-11,7.134137840e-18,1.427349370e+01,4.219879974e-16,-1.137808958e-11,-7.000000000e-01,0.000000000e+00,5.000000000e+00,0.000000000e+00,1.000000000e+04,5.000000000e+00,1.953125000e-04,4.882812500e-05
-6.000000000e-01,-1.558976950e-11,4.228239262e-15,1.441832530e-16,-1.558976950e-11,7.134137840e-18,1.427349370e+01,4.219879974e-16,-1.137808958e-11,-6.500000000e-01,0.000000000e+00,5.000000000e+00,0.000000000e+00,1.000000000e+04,5.000000000e+00,1.953125000e-04,4.882812500e-05
-5.500000000e-01,-1.558976950e-11,4.228239262e-15,1.441832530e-16,-1.558976950e-11,7.134137840e-18,1.427349370e+01,4.219879974e-16,-1.137808958e-11,-6.000000000e-01,0.000000000e+00,5.000000000e+00,0.000000000e+00,1.000000000e+04,5.000000000e+00,1.953125000e-04,4.882812500e-05
-5.000000000e-01,-1.558976950e-11,4.228239262e-15,1.441832530e-16,-1.558976950e-11,7.134137840e-18,1.427349370e+01,4.219879974e-16,-1.137808958e-11,-5.500000000e-01,0.000000000e+00,5.000000000e+00,0.000000000e+00,1.000000000e+04,5.000000000e+00,1.953125000e-04,4.882812500e-05
-4.500000000e-01,-1.558976950e-11,4.228239262e-15,1.441832530e-16,-1.558976950e-11,7.134137840e-18,1.427349370e+01,4.219879974e-16,-1.137808958e-11,-5.000000000e-01,0.000000000e+00,5.000000000e+00,0.000000000e+00,1.000000000e+04,5.000000000e+00,1.953125000e-04,4.882812500e-05
-4.000000000e-01,-1.558976950e-11,4.228239262e-15,1.441832530e-16,-1.558976950e-11,7.134137840e-18,1.427349370e+01,4.219879974e-16,-1.137808958e-11,-4.500000000e-01,0.000000000e+00,5.000000000e+00,0.000000000e+00,1.000000000e+04,5.000000000e+00,1.953125000e-04,4.882812500e-05
-3.500000000e-01,-1.558976950e-11,4.228239262e-15,1.441832530e-16,-1.558976950e-11,7.134137840e-18,1.427349370e+01,4.219879974e-16,-1.137808958e-11,-4.000000000e-01,0.000000000e+00,5.000000000e+00,0.000000000e+00,1.000000000e+04,5.000000000e+00,1.953125000e-04,4.882812500e-05
-3.000000000e-01,-1.558976950e-11,4.228239262e-15,1.441832530e-16,-1.558976950e-11,7.134137840e-18,1.427349370e+01,4.219879974e-16,-1.137808958e-11,-3.500000000e-01,0.000000000e+00,5.000000000e+00,0.000000000e+00,1.000000000e+04,5.000000000e+00,1.953125000e-04,4.882812500e-05
-2.500000000e-01,-1.558976950e-11,4.228239262e-15,1.441832530e-16,-1.558976950e-11,7.134137840e-18,1.427349370e+01,4.219879974e-16,-1.137808958e-11,-3.000000000e-01,0.000000000e+00,5.000000000e+00,0.000000000e+00,1.000000000e+04,5.000000000e+00,1.953125000e-04,4.882812500e-05
-2.000000000e-01,-1.558976950e-11,4.228239262e-15,1.441832530e-16,-1.558976950e-11,7.134137840e-18,1.427349370e+01,4.219879974e-16,-1.137808958e-11,-2.500000000e-01,0.000000000e+00,5.000000000e+00,0.000000000e+00,1.000000000e+04,5.000000000e+00,1.953125000e-04,4.882812500e-05
-1.500000000e-01,-1.558976950e-11,4.228239262e-15,1.441832530e-16,-1.558976950e-11,7.134137840e-18,1.427349370e+01,4.219879974e-16,-1.137808958e-11,-2.000000000e-01,0.000000000e+00,5.000000000e+00,0.000000000e+00,1.000000000e+04,5.000000000e+00,1.953125000e-04,4.882812500e-05
-1.000000000e-01,-1.558976950e-11,4.228239262e-15,1.441832530e-16,-1.558976950e-11,7.134137840e-18,1.427349370e+01,4.219879974e-16,-1.137808958e-11,-1.500000000e-01,0.000000000e+00,5.000000000e+00,0.000000000e+00,1.000000000e+04,5.000000000e+00,1.953125000e-04,4.882812500e-05
-5.000000000e-02,-1.558976950e-11,4.228239262e-15,1.441832530e-16,-1.558976950e-11,7.134137840e-18,1.427349370e+01,4.219879974e-16,-1.137808958e-11,-1.000000000e-01,0.000000000e+00,5.000000000e+00,0.000000000e+00,1.000000000e+04,5.000000000e+00,1.953125000e-04,4.882812500e-05
0.000000000e+00,-1.558976950e-11,4.228239262e-15,1.441832530e-16,-1.558976950e-11,7.134137840e-18,1.427349370e+01,4.219879974e-16,-1.137808958e-11,-5.000000000e-02,0.000000000e+00,5.000000000e+00,0.000000000e+00,1.000000000e+04,5.000000000e+00,1.953125000e-04,4.882812500e-05
